{"stats":{"minecraft:custom":{"minecraft:time_since_rest":6626,"minecraft:interact_with_furnace":1,"minecraft:sprint_one_cm":50398,"minecraft:damage_taken":553,"minecraft:walk_one_cm":24120,"minecraft:mob_kills":1,"minecraft:drop":7,"minecraft:damage_dealt":417,"minecraft:swim_one_cm":2387,"minecraft:interact_with_crafting_table":4,"minecraft:fly_one_cm":86378,"minecraft:open_chest":11,"minecraft:play_time":21593,"minecraft:deaths":2,"minecraft:sneak_time":11,"minecraft:walk_under_water_one_cm":488,"minecraft:jump":340,"minecraft:time_since_death":6588,"minecraft:walk_on_water_one_cm":1599,"minecraft:sleep_in_bed":1,"minecraft:climb_one_cm":1417,"minecraft:total_world_time":21593,"minecraft:fall_one_cm":10157},"minecraft:mined":{"minecraft:fire":1,"minecraft:jungle_leaves":1,"minecraft:grass":58,"minecraft:grass_block":2,"minecraft:coal_ore":42,"minecraft:chest":1,"minecraft:jungle_log":4,"minecraft:bamboo":1,"minecraft:stone":25,"minecraft:fern":14},"minecraft:picked_up":{"minecraft:jungle_log":3,"minecraft:wooden_pickaxe":1,"minecraft:dirt":2,"minecraft:wheat_seeds":10,"minecraft:jungle_sapling":2,"minecraft:bamboo":5,"minecraft:chest":1,"minecraft:mutton":2,"minecraft:coal":44,"minecraft:white_wool":1,"minecraft:cobblestone":61,"minecraft:egg":1},"minecraft:killed_by":{"minecraft:zombie":1},"minecraft:used":{"minecraft:golden_boots":1,"minecraft:flint_and_steel":1,"minecraft:stone_pickaxe":65,"minecraft:chest":1,"minecraft:wooden_pickaxe":7,"minecraft:golden_helmet":1,"minecraft:mutton":2,"minecraft:dirt":1,"minecraft:furnace":1,"minecraft:egg":1},"minecraft:killed":{"minecraft:sheep":1},"minecraft:crafted":{"minecraft:stick":8,"minecraft:wooden_pickaxe":1,"minecraft:stone_pickaxe":1,"minecraft:furnace":1,"minecraft:stone_axe":1,"minecraft:jungle_planks":12},"minecraft:dropped":{"minecraft:wheat_seeds":2,"minecraft:cobblestone":10,"minecraft:jungle_sapling":2,"minecraft:bamboo":5,"minecraft:wooden_pickaxe":1,"minecraft:white_wool":1}},"DataVersion":3465}