{"stats":{"minecraft:custom":{"minecraft:jump":20,"minecraft:time_since_rest":2562,"minecraft:deaths":1,"minecraft:damage_dealt":20,"minecraft:damage_taken":250,"minecraft:sprint_one_cm":1430,"minecraft:play_time":9593,"minecraft:time_since_death":0,"minecraft:walk_one_cm":1895,"minecraft:climb_one_cm":511,"minecraft:total_world_time":9593,"minecraft:drop":1,"minecraft:fall_one_cm":209,"minecraft:fly_one_cm":3530},"minecraft:mined":{"minecraft:bamboo":1,"minecraft:fern":1},"minecraft:picked_up":{"minecraft:bamboo":5},"minecraft:killed_by":{"minecraft:zombie":1},"minecraft:dropped":{"minecraft:bamboo":5}},"DataVersion":3465}