{"stats":{"minecraft:broken":{"minecraft:wooden_pickaxe":1},"minecraft:custom":{"minecraft:time_since_rest":8896,"minecraft:interact_with_furnace":11,"minecraft:sprint_one_cm":44256,"minecraft:damage_taken":388,"minecraft:walk_one_cm":28479,"minecraft:mob_kills":13,"minecraft:drop":19,"minecraft:damage_dealt":1304,"minecraft:swim_one_cm":2121,"minecraft:interact_with_crafting_table":6,"minecraft:fly_one_cm":106441,"minecraft:open_chest":2,"minecraft:crouch_one_cm":3774,"minecraft:play_time":17163,"minecraft:deaths":1,"minecraft:sneak_time":1951,"minecraft:walk_under_water_one_cm":3288,"minecraft:jump":466,"minecraft:leave_game":5,"minecraft:time_since_death":8864,"minecraft:walk_on_water_one_cm":955,"minecraft:sleep_in_bed":1,"minecraft:total_world_time":17163,"minecraft:climb_one_cm":1311,"minecraft:fall_one_cm":13161},"minecraft:mined":{"minecraft:white_bed":2,"minecraft:crafting_table":1,"minecraft:grass":11,"minecraft:coal_ore":4,"minecraft:grass_block":3,"minecraft:cocoa":1,"minecraft:vine":1,"minecraft:jungle_log":10,"minecraft:stone":59,"minecraft:fern":7},"minecraft:picked_up":{"minecraft:cocoa_beans":6,"minecraft:crafting_table":1,"minecraft:jungle_log":11,"minecraft:leather":2,"minecraft:white_bed":2,"minecraft:dirt":3,"minecraft:bone":2,"minecraft:wheat_seeds":3,"minecraft:beef":8,"minecraft:black_wool":1,"minecraft:jungle_sapling":1,"minecraft:bamboo":2,"minecraft:oak_sapling":1,"minecraft:coal":2,"minecraft:mutton":21,"minecraft:white_wool":8,"minecraft:cobblestone":112},"minecraft:killed_by":{"minecraft:zombie":1},"minecraft:used":{"minecraft:cooked_mutton":3,"minecraft:stone_pickaxe":4,"minecraft:wooden_pickaxe":59,"minecraft:stone_axe":7,"minecraft:dirt":3,"minecraft:crafting_table":3,"minecraft:furnace":1,"minecraft:oak_sapling":1,"minecraft:white_bed":4},"minecraft:killed":{"minecraft:sheep":8,"minecraft:skeleton":1,"minecraft:cow":4},"minecraft:dropped":{"minecraft:wheat_seeds":3,"minecraft:cocoa_beans":6,"minecraft:mutton":2,"minecraft:jungle_sapling":1,"minecraft:cobblestone":79,"minecraft:bamboo":2,"minecraft:black_wool":1,"minecraft:bone":2},"minecraft:crafted":{"minecraft:cooked_beef":5,"minecraft:stone_shovel":1,"minecraft:crafting_table":2,"minecraft:stick":12,"minecraft:wooden_pickaxe":1,"minecraft:stone_pickaxe":1,"minecraft:furnace":1,"minecraft:white_bed":2,"minecraft:stone_axe":1,"minecraft:air":0,"minecraft:cooked_mutton":8,"minecraft:jungle_planks":44}},"DataVersion":3465}