{"stats":{"minecraft:custom":{"minecraft:time_since_rest":5163,"minecraft:open_chest":1,"minecraft:crouch_one_cm":89,"minecraft:sprint_one_cm":11283,"minecraft:play_time":5163,"minecraft:damage_taken":50,"minecraft:walk_one_cm":5138,"minecraft:sneak_time":30,"minecraft:drop":2,"minecraft:jump":129,"minecraft:damage_dealt":60,"minecraft:leave_game":5,"minecraft:time_since_death":5163,"minecraft:climb_one_cm":214,"minecraft:total_world_time":5163,"minecraft:fall_one_cm":4565,"minecraft:fly_one_cm":36952},"minecraft:mined":{"minecraft:grass":4,"minecraft:grass_block":3,"minecraft:fern":3},"minecraft:picked_up":{"minecraft:wheat_seeds":2,"minecraft:bamboo":2,"minecraft:oak_sapling":1,"minecraft:dirt":3},"minecraft:used":{"minecraft:dirt":3,"minecraft:oak_sapling":1},"minecraft:dropped":{"minecraft:wheat_seeds":2}},"DataVersion":3465}