{"stats":{"minecraft:custom":{"minecraft:jump":30,"minecraft:time_since_rest":3089,"minecraft:damage_dealt":15,"minecraft:leave_game":3,"minecraft:play_time":3089,"minecraft:sprint_one_cm":2845,"minecraft:time_since_death":3089,"minecraft:walk_one_cm":2255,"minecraft:total_world_time":3089,"minecraft:climb_one_cm":214,"minecraft:fall_one_cm":1103,"minecraft:fly_one_cm":7742},"minecraft:mined":{"minecraft:grass":2,"minecraft:grass_block":3,"minecraft:fern":1},"minecraft:picked_up":{"minecraft:oak_sapling":1,"minecraft:wheat_seeds":1,"minecraft:dirt":3}},"DataVersion":3465}